Workbook

Sheet Sales Log
A1: Date | B1: Model | C1: Type | D1: Qty | E1: Commission Each (£) | F1: Total Commission (£) | G1: Notes | H1: Week | I1: Pay Day | J1: TOTAL COMMISSION | K1: =SUM(F:F) -> 795
A2: 46278 | B2: 55UR8STUK | C2: TV | D2: 1 | E2: 50 | F2: =D2*E2 -> 50 | H2: =IF(A2="","",WEEKNUM(A2,1)) -> 38 | I2: =IFERROR(INDEX('Pay Calendar'!$B$2:$B$10,MATCH(H2,'Pay Calendar'!$A$2:$A$10,0)),"")
A3: 46278 | B3: 43E7Q | C3: TV | D3: 1 | E3: 5 | F3: =D3*E3 -> 5 | H3: =IF(A3="","",WEEKNUM(A3,1)) -> 38 | I3: =IFERROR(INDEX('Pay Calendar'!$B$2:$B$10,MATCH(H3,'Pay Calendar'!$A$2:$A$10,0)),"")
A4: 46278 | B4: 50U7STUK | C4: TV | D4: 1 | E4: 20 | F4: =D4*E4 -> 20 | H4: =IF(A4="","",WEEKNUM(A4,1)) -> 38 | I4: =IFERROR(INDEX('Pay Calendar'!$B$2:$B$10,MATCH(H4,'Pay Calendar'!$A$2:$A$10,0)),"")
A5: 46277 | B5: 55UR8STUK | C5: TV | D5: 1 | E5: 50 | F5: =D5*E5 -> 50 | H5: =IF(A5="","",WEEKNUM(A5,1)) -> 37 | I5: =IFERROR(INDEX('Pay Calendar'!$B$2:$B$10,MATCH(H5,'Pay Calendar'!$A$2:$A$10,0)),"")
A6: 46276 | B6: 100E7STUK PRO | C6: TV | D6: 1 | E6: 60 | F6: =D6*E6 -> 60 | H6: =IF(A6="","",WEEKNUM(A6,1)) -> 37 | I6: =IFERROR(INDEX('Pay Calendar'!$B$2:$B$10,MATCH(H6,'Pay Calendar'!$A$2:$A$10,0)),"")
A7: 46276 | B7: HT SATURN | C7: Soundbar | D7: 1 | E7: 40 | F7: =D7*E7 -> 40 | H7: =IF(A7="","",WEEKNUM(A7,1)) -> 37 | I7: =IFERROR(INDEX('Pay Calendar'!$B$2:$B$10,MATCH(H7,'Pay Calendar'!$A$2:$A$10,0)),"")
A8: 46276 | B8: 43E7Q | C8: TV | D8: 1 | E8: 5 | F8: =D8*E8 -> 5 | H8: =IF(A8="","",WEEKNUM(A8,1)) -> 37 | I8: =IFERROR(INDEX('Pay Calendar'!$B$2:$B$10,MATCH(H8,'Pay Calendar'!$A$2:$A$10,0)),"")
A9: 46276 | B9: 65Q7STUK | C9: TV | D9: 1 | E9: 15 | F9: =D9*E9 -> 15 | H9: =IF(A9="","",WEEKNUM(A9,1)) -> 37 | I9: =IFERROR(INDEX('Pay Calendar'!$B$2:$B$10,MATCH(H9,'Pay Calendar'!$A$2:$A$10,0)),"")
A10: 46271 | B10: 43E7Q | C10: TV | D10: 1 | E10: 5 | F10: =D10*E10 -> 5 | H10: =IF(A10="","",WEEKNUM(A10,1)) -> 37 | I10: =IFERROR(INDEX('Pay Calendar'!$B$2:$B$10,MATCH(H10,'Pay Calendar'!$A$2:$A$10,0)),"")
A11: 46271 | B11: 50U7Q | C11: TV | D11: 1 | E11: 5 | F11: =D11*E11 -> 5 | H11: =IF(A11="","",WEEKNUM(A11,1)) -> 37 | I11: =IFERROR(INDEX('Pay Calendar'!$B$2:$B$10,MATCH(H11,'Pay Calendar'!$A$2:$A$10,0)),"")
A12: 46271 | B12: 55A6Q | C12: TV | D12: 1 | E12: 0 | F12: =D12*E12 -> 0 | G12: No rate on previous commission sheet | H12: =IF(A12="","",WEEKNUM(A12,1)) -> 37 | I12: =IFERROR(INDEX('Pay Calendar'!$B$2:$B$10,MATCH(H12,'Pay Calendar'!$A$2:$A$10,0)),"")
A13: 46271 | B13: 55E7Q PRO | C13: TV | D13: 1 | E13: 5 | F13: =D13*E13 -> 5 | H13: =IF(A13="","",WEEKNUM(A13,1)) -> 37 | I13: =IFERROR(INDEX('Pay Calendar'!$B$2:$B$10,MATCH(H13,'Pay Calendar'!$A$2:$A$10,0)),"")
A14: 46271 | B14: 55UR8S | C14: TV | D14: 1 | E14: 50 | F14: =D14*E14 -> 50 | H14: =IF(A14="","",WEEKNUM(A14,1)) -> 37 | I14: =IFERROR(INDEX('Pay Calendar'!$B$2:$B$10,MATCH(H14,'Pay Calendar'!$A$2:$A$10,0)),"")
A15: 46271 | B15: 65E7Q PRO | C15: TV | D15: 1 | E15: 10 | F15: =D15*E15 -> 10 | H15: =IF(A15="","",WEEKNUM(A15,1)) -> 37 | I15: =IFERROR(INDEX('Pay Calendar'!$B$2:$B$10,MATCH(H15,'Pay Calendar'!$A$2:$A$10,0)),"")
A16: 46271 | B16: 65UR9S | C16: TV | D16: 1 | E16: 80 | F16: =D16*E16 -> 80 | H16: =IF(A16="","",WEEKNUM(A16,1)) -> 37 | I16: =IFERROR(INDEX('Pay Calendar'!$B$2:$B$10,MATCH(H16,'Pay Calendar'!$A$2:$A$10,0)),"")
A17: 46270 | B17: 100U7Q PRO | C17: TV | D17: 1 | E17: 35 | F17: =D17*E17 -> 35 | H17: =IF(A17="","",WEEKNUM(A17,1)) -> 36 | I17: =IFERROR(INDEX('Pay Calendar'!$B$2:$B$10,MATCH(H17,'Pay Calendar'!$A$2:$A$10,0)),"")
A18: 46270 | B18: HT SATURN | C18: Soundbar | D18: 1 | E18: 40 | F18: =D18*E18 -> 40 | H18: =IF(A18="","",WEEKNUM(A18,1)) -> 36 | I18: =IFERROR(INDEX('Pay Calendar'!$B$2:$B$10,MATCH(H18,'Pay Calendar'!$A$2:$A$10,0)),"")
A19: 46269 | B19: 43A6Q | C19: TV | D19: 3 | E19: 0 | F19: =D19*E19 -> 0 | G19: No rate on previous commission sheet | H19: =IF(A19="","",WEEKNUM(A19,1)) -> 36 | I19: =IFERROR(INDEX('Pay Calendar'!$B$2:$B$10,MATCH(H19,'Pay Calendar'!$A$2:$A$10,0)),"")
A20: 46269 | B20: 43E7Q | C20: TV | D20: 3 | E20: 5 | F20: =D20*E20 -> 15 | H20: =IF(A20="","",WEEKNUM(A20,1)) -> 36 | I20: =IFERROR(INDEX('Pay Calendar'!$B$2:$B$10,MATCH(H20,'Pay Calendar'!$A$2:$A$10,0)),"")
A21: 46269 | B21: 50U7S | C21: TV | D21: 2 | E21: 20 | F21: =D21*E21 -> 40 | H21: =IF(A21="","",WEEKNUM(A21,1)) -> 36 | I21: =IFERROR(INDEX('Pay Calendar'!$B$2:$B$10,MATCH(H21,'Pay Calendar'!$A$2:$A$10,0)),"")
A22: 46269 | B22: 55UR8S | C22: TV | D22: 1 | E22: 50 | F22: =D22*E22 -> 50 | H22: =IF(A22="","",WEEKNUM(A22,1)) -> 36 | I22: =IFERROR(INDEX('Pay Calendar'!$B$2:$B$10,MATCH(H22,'Pay Calendar'!$A$2:$A$10,0)),"")
A23: 46269 | B23: 65E7Q PRO | C23: TV | D23: 1 | E23: 10 | F23: =D23*E23 -> 10 | H23: =IF(A23="","",WEEKNUM(A23,1)) -> 36 | I23: =IFERROR(INDEX('Pay Calendar'!$B$2:$B$10,MATCH(H23,'Pay Calendar'!$A$2:$A$10,0)),"")
A24: 46269 | B24: 65UR9S | C24: TV | D24: 1 | E24: 80 | F24: =D24*E24 -> 80 | H24: =IF(A24="","",WEEKNUM(A24,1)) -> 36 | I24: =IFERROR(INDEX('Pay Calendar'!$B$2:$B$10,MATCH(H24,'Pay Calendar'!$A$2:$A$10,0)),"")
A25: 46269 | B25: 85E7Q PRO | C25: TV | D25: 2 | E25: 20 | F25: =D25*E25 -> 40 | H25: =IF(A25="","",WEEKNUM(A25,1)) -> 36 | I25: =IFERROR(INDEX('Pay Calendar'!$B$2:$B$10,MATCH(H25,'Pay Calendar'!$A$2:$A$10,0)),"")
A26: 46268 | B26: 50E7Q | C26: TV | D26: 1 | E26: 5 | F26: =D26*E26 -> 5 | H26: =IF(A26="","",WEEKNUM(A26,1)) -> 36 | I26: =IFERROR(INDEX('Pay Calendar'!$B$2:$B$10,MATCH(H26,'Pay Calendar'!$A$2:$A$10,0)),"")
A27: 46268 | B27: 75UR8S | C27: TV | D27: 1 | E27: 80 | F27: =D27*E27 -> 80 | H27: =IF(A27="","",WEEKNUM(A27,1)) -> 36 | I27: =IFERROR(INDEX('Pay Calendar'!$B$2:$B$10,MATCH(H27,'Pay Calendar'!$A$2:$A$10,0)),"")
C28: =IFERROR(VLOOKUP(B28,'Commission Rates'!$A:$C,2,FALSE),"") | E28: =IFERROR(VLOOKUP(B28,'Commission Rates'!$A:$C,3,FALSE),0) -> 0 | F28: =IF(B28="","",D28*E28) | H28: =IF(A28="","",WEEKNUM(A28,1)) | I28: =IFERROR(INDEX('Pay Calendar'!$B$2:$B$10,MATCH(H28,'Pay Calendar'!$A$2:$A$10,0)),"")
C29: =IFERROR(VLOOKUP(B29,'Commission Rates'!$A:$C,2,FALSE),"") | E29: =IFERROR(VLOOKUP(B29,'Commission Rates'!$A:$C,3,FALSE),0) -> 0 | F29: =IF(B29="","",D29*E29) | H29: =IF(A29="","",WEEKNUM(A29,1)) | I29: =IFERROR(INDEX('Pay Calendar'!$B$2:$B$10,MATCH(H29,'Pay Calendar'!$A$2:$A$10,0)),"")
C30: =IFERROR(VLOOKUP(B30,'Commission Rates'!$A:$C,2,FALSE),"") | E30: =IFERROR(VLOOKUP(B30,'Commission Rates'!$A:$C,3,FALSE),0) -> 0 | F30: =IF(B30="","",D30*E30) | H30: =IF(A30="","",WEEKNUM(A30,1)) | I30: =IFERROR(INDEX('Pay Calendar'!$B$2:$B$10,MATCH(H30,'Pay Calendar'!$A$2:$A$10,0)),"")
C31: =IFERROR(VLOOKUP(B31,'Commission Rates'!$A:$C,2,FALSE),"") | E31: =IFERROR(VLOOKUP(B31,'Commission Rates'!$A:$C,3,FALSE),0) -> 0 | F31: =IF(B31="","",D31*E31) | H31: =IF(A31="","",WEEKNUM(A31,1)) | I31: =IFERROR(INDEX('Pay Calendar'!$B$2:$B$10,MATCH(H31,'Pay Calendar'!$A$2:$A$10,0)),"")
C32: =IFERROR(VLOOKUP(B32,'Commission Rates'!$A:$C,2,FALSE),"") | E32: =IFERROR(VLOOKUP(B32,'Commission Rates'!$A:$C,3,FALSE),0) -> 0 | F32: =IF(B32="","",D32*E32) | H32: =IF(A32="","",WEEKNUM(A32,1)) | I32: =IFERROR(INDEX('Pay Calendar'!$B$2:$B$10,MATCH(H32,'Pay Calendar'!$A$2:$A$10,0)),"")
C33: =IFERROR(VLOOKUP(B33,'Commission Rates'!$A:$C,2,FALSE),"") | E33: =IFERROR(VLOOKUP(B33,'Commission Rates'!$A:$C,3,FALSE),0) -> 0 | F33: =IF(B33="","",D33*E33) | H33: =IF(A33="","",WEEKNUM(A33,1)) | I33: =IFERROR(INDEX('Pay Calendar'!$B$2:$B$10,MATCH(H33,'Pay Calendar'!$A$2:$A$10,0)),"")
C34: =IFERROR(VLOOKUP(B34,'Commission Rates'!$A:$C,2,FALSE),"") | E34: =IFERROR(VLOOKUP(B34,'Commission Rates'!$A:$C,3,FALSE),0) -> 0 | F34: =IF(B34="","",D34*E34) | H34: =IF(A34="","",WEEKNUM(A34,1)) | I34: =IFERROR(INDEX('Pay Calendar'!$B$2:$B$10,MATCH(H34,'Pay Calendar'!$A$2:$A$10,0)),"")
C35: =IFERROR(VLOOKUP(B35,'Commission Rates'!$A:$C,2,FALSE),"") | E35: =IFERROR(VLOOKUP(B35,'Commission Rates'!$A:$C,3,FALSE),0) -> 0 | F35: =IF(B35="","",D35*E35) | H35: =IF(A35="","",WEEKNUM(A35,1)) | I35: =IFERROR(INDEX('Pay Calendar'!$B$2:$B$10,MATCH(H35,'Pay Calendar'!$A$2:$A$10,0)),"")
C36: =IFERROR(VLOOKUP(B36,'Commission Rates'!$A:$C,2,FALSE),"") | E36: =IFERROR(VLOOKUP(B36,'Commission Rates'!$A:$C,3,FALSE),0) -> 0 | F36: =IF(B36="","",D36*E36) | H36: =IF(A36="","",WEEKNUM(A36,1)) | I36: =IFERROR(INDEX('Pay Calendar'!$B$2:$B$10,MATCH(H36,'Pay Calendar'!$A$2:$A$10,0)),"")
C37: =IFERROR(VLOOKUP(B37,'Commission Rates'!$A:$C,2,FALSE),"") | E37: =IFERROR(VLOOKUP(B37,'Commission Rates'!$A:$C,3,FALSE),0) -> 0 | F37: =IF(B37="","",D37*E37) | H37: =IF(A37="","",WEEKNUM(A37,1)) | I37: =IFERROR(INDEX('Pay Calendar'!$B$2:$B$10,MATCH(H37,'Pay Calendar'!$A$2:$A$10,0)),"")
C38: =IFERROR(VLOOKUP(B38,'Commission Rates'!$A:$C,2,FALSE),"") | E38: =IFERROR(VLOOKUP(B38,'Commission Rates'!$A:$C,3,FALSE),0) -> 0 | F38: =IF(B38="","",D38*E38) | H38: =IF(A38="","",WEEKNUM(A38,1)) | I38: =IFERROR(INDEX('Pay Calendar'!$B$2:$B$10,MATCH(H38,'Pay Calendar'!$A$2:$A$10,0)),"")
C39: =IFERROR(VLOOKUP(B39,'Commission Rates'!$A:$C,2,FALSE),"") | E39: =IFERROR(VLOOKUP(B39,'Commission Rates'!$A:$C,3,FALSE),0) -> 0 | F39: =IF(B39="","",D39*E39) | H39: =IF(A39="","",WEEKNUM(A39,1)) | I39: =IFERROR(INDEX('Pay Calendar'!$B$2:$B$10,MATCH(H39,'Pay Calendar'!$A$2:$A$10,0)),"")
... C1000: =IFERROR(VLOOKUP(B1000,'Commission Rates'!$A:$C,2,FALSE),"") | E1000: =IFERROR(VLOOKUP(B1000,'Commission Rates'!$A:$C,3,FALSE),0) -> 0 | F1000: =IF(B1000="","",D1000*E1000) | H1000: =IF(A1000="","",WEEKNUM(A1000,1)) | I1000: =IFERROR(INDEX('Pay Calendar'!$B$2:$B$10,MATCH(H1000,'Pay Calendar'!$A$2:$A$10,0)),"")

Sheet Commission Rates
A1: Model | B1: Type | C1: Commission (£)
A2: 100UR8STUK | B2: TV | C2: 150
A3: 85UR8STUK | B3: TV | C3: 80
A4: 75UR8STUK | B4: TV | C4: 60
A5: 65UR8STUK | B5: TV | C5: 45
A6: 55UR8STUK | B6: TV | C6: 35
A7: 65UR9STUK | B7: TV | C7: 60
A8: 75UR9STUK | B8: TV | C8: 80
A9: 85UR9STUK | B9: TV | C9: 120
A10: 116UXTUK | B10: TV | C10: 500
A11: 110UXNTUK | B11: TV | C11: 200
A12: 100UXTUK | B12: TV | C12: 175
A13: 55U7STUK PRO | B13: TV | C13: 25
... A87: 100U8Q | B87: TV | C87: 30

Sheet Dashboard
A1: TOTAL COMMISSION
A2: Everything entered in Sales Log | B2: =SUM('Sales Log'!F:F) -> 795 | D2: Pay Day | E2: Commission (£) | F2: Commission (£)
A3: Total commission | B3: =SUM('Sales Log'!F:F) -> 795 | D3: ='Pay Day Totals'!A2 -> 25/05/2026 | E3: ='Pay Day Totals'!C2 -> 0 | F3: =SUMIF('Sales Log'!B:B,D3,'Sales Log'!F:F) -> 0
A4: Commission breakdown | B4: =SUMIF('Sales Log'!C:C,"TV",'Sales Log'!F:F) -> 715 | D4: ='Pay Day Totals'!A3 -> 25/06/2026 | E4: ='Pay Day Totals'!C3 -> 0 | F4: =SUMIF('Sales Log'!B:B,D4,'Sales Log'!F:F) -> 0
A5: Total commission | B5: =SUM('Sales Log'!F:F) -> 795 | D5: ='Pay Day Totals'!A4 -> 24/07/2026 | E5: ='Pay Day Totals'!C4 -> 0 | F5: =SUMIF('Sales Log'!B:B,D5,'Sales Log'!F:F) -> 0
A6: TV commission | B6: =SUMIF('Sales Log'!C:C,"TV",'Sales Log'!F:F) -> 715 | D6: ='Pay Day Totals'!A5 -> 25/08/2026 | E6: ='Pay Day Totals'!C5 -> 0 | F6: =SUMIF('Sales Log'!B:B,D6,'Sales Log'!F:F) -> 0
A7: Soundbar commission | B7: =SUMIF('Sales Log'!C:C,"Soundbar",'Sales Log'!F:F) -> 80 | D7: ='Pay Day Totals'!A6 -> 25/09/2026 | E7: ='Pay Day Totals'!C6 -> 0 | F7: =SUMIF('Sales Log'!B:B,D7,'Sales Log'!F:F) -> 0
A8: Total units sold | B8: =SUM('Sales Log'!D:D) -> 32 | D8: ='Pay Day Totals'!A7 -> 23/10/2026 | E8: ='Pay Day Totals'!C7 -> 0 | F8: =SUMIF('Sales Log'!B:B,D8,'Sales Log'!F:F) -> 0
D9: ='Pay Day Totals'!A8 -> 25/11/2026 | E9: ='Pay Day Totals'!C8 -> 0 | F9: =SUMIF('Sales Log'!B:B,D9,'Sales Log'!F:F) -> 0
D10: ='Pay Day Totals'!A9 -> TBC | E10: ='Pay Day Totals'!C9 -> 0 | F10: =SUMIF('Sales Log'!B:B,D10,'Sales Log'!F:F) -> 0
A11: How to use | D11: ='Pay Day Totals'!A10 -> 25/01/2027 | E11: ='Pay Day Totals'!C10 -> 0 | F11: =SUMIF('Sales Log'!B:B,D11,'Sales Log'!F:F) -> 0
A12: 1. Go to Sales Log. | D12: 110UXNTUK | E12: =SUMIF('Sales Log'!B:B,D12,'Sales Log'!D:D) -> 0 | F12: =SUMIF('Sales Log'!B:B,D12,'Sales Log'!F:F) -> 0
A13: 2. Enter the date and choose the model from the dropdown. | D13: 100UXTUK | E13: =SUMIF('Sales Log'!B:B,D13,'Sales Log'!D:D) -> 0 | F13: =SUMIF('Sales Log'!B:B,D13,'Sales Log'!F:F) -> 0
A14: 3. Enter quantity. Commission calculates automatically. | D14: 55U7STUK PRO | E14: =SUMIF('Sales Log'!B:B,D14,'Sales Log'!D:D) -> 0 | F14: =SUMIF('Sales Log'!B:B,D14,'Sales Log'!F:F) -> 0
A15: 4. Dashboard totals update automatically. | D15: 65U7STUK PRO | E15: =SUMIF('Sales Log'!B:B,D15,'Sales Log'!D:D) -> 0 | F15: =SUMIF('Sales Log'!B:B,D15,'Sales Log'!F:F) -> 0
D16: 75U7STUK PRO | E16: =SUMIF('Sales Log'!B:B,D16,'Sales Log'!D:D) -> 0 | F16: =SUMIF('Sales Log'!B:B,D16,'Sales Log'!F:F) -> 0
D17: 85U7STUK PRO | E17: =SUMIF('Sales Log'!B:B,D17,'Sales Log'!D:D) -> 0 | F17: =SUMIF('Sales Log'!B:B,D17,'Sales Log'!F:F) -> 0
D18: 100U7STUK PRO | E18: =SUMIF('Sales Log'!B:B,D18,'Sales Log'!D:D) -> 0 | F18: =SUMIF('Sales Log'!B:B,D18,'Sales Log'!F:F) -> 0
D19: 50U7STUK | E19: =SUMIF('Sales Log'!B:B,D19,'Sales Log'!D:D) -> 1 | F19: =SUMIF('Sales Log'!B:B,D19,'Sales Log'!F:F) -> 20
D20: 55U7STUK | E20: =SUMIF('Sales Log'!B:B,D20,'Sales Log'!D:D) -> 0 | F20: =SUMIF('Sales Log'!B:B,D20,'Sales Log'!F:F) -> 0
D21: 65U7STUK | E21: =SUMIF('Sales Log'!B:B,D21,'Sales Log'!D:D) -> 0 | F21: =SUMIF('Sales Log'!B:B,D21,'Sales Log'!F:F) -> 0
D22: 75U7STUK | E22: =SUMIF('Sales Log'!B:B,D22,'Sales Log'!D:D) -> 0 | F22: =SUMIF('Sales Log'!B:B,D22,'Sales Log'!F:F) -> 0
D23: 85U7STUK | E23: =SUMIF('Sales Log'!B:B,D23,'Sales Log'!D:D) -> 0 | F23: =SUMIF('Sales Log'!B:B,D23,'Sales Log'!F:F) -> 0
D24: 100U7STUK | E24: =SUMIF('Sales Log'!B:B,D24,'Sales Log'!D:D) -> 0 | F24: =SUMIF('Sales Log'!B:B,D24,'Sales Log'!F:F) -> 0
D25: 55S7STUK | E25: =SUMIF('Sales Log'!B:B,D25,'Sales Log'!D:D) -> 0 | F25: =SUMIF('Sales Log'!B:B,D25,'Sales Log'!F:F) -> 0
D26: 65S7STUK | E26: =SUMIF('Sales Log'!B:B,D26,'Sales Log'!D:D) -> 0 | F26: =SUMIF('Sales Log'!B:B,D26,'Sales Log'!F:F) -> 0
D27: 85Q7STUK | E27: =SUMIF('Sales Log'!B:B,D27,'Sales Log'!D:D) -> 0 | F27: =SUMIF('Sales Log'!B:B,D27,'Sales Log'!F:F) -> 0
... D88: 100U8Q | E88: =SUMIF('Sales Log'!B:B,D88,'Sales Log'!D:D) -> 0 | F88: =SUMIF('Sales Log'!B:B,D88,'Sales Log'!F:F) -> 0

Sheet Update History
A1: Effective from | B1: Description
A2: 13/09/2026 (WK38) | B2: Updated commission rates from supplied screenshots; retained original product data.

Sheet Pay Calendar
A1: Week | B1: Pay Day
A2: 16 | B2: 25/05/2026
A3: 17 | B3: 25/05/2026
A4: 18 | B4: 25/06/2026
A5: 19 | B5: 25/06/2026
A6: 20 | B6: 25/06/2026
A7: 21 | B7: 25/06/2026
A8: 22 | B8: 25/06/2026
A9: 23 | B9: 24/07/2026
A10: 24 | B10: 24/07/2026
A11: 25 | B11: 24/07/2026
A12: 26 | B12: 24/07/2026
A13: 27 | B13: 25/08/2026
... A38: 52 | B38: 25/01/2027

Sheet Pay Day Totals
A1: Pay Day | B1: Weeks Paid For | C1: Commission (£) | D1: Sales Units
A2: 25/05/2026 | B2: 16 | 17 | C2: =SUMIF('Sales Log'!$I:$I,A2,'Sales Log'!$F:$F) -> 0 | D2: =SUMIF('Sales Log'!$I:$I,A2,'Sales Log'!$D:$D) -> 0
A3: 25/06/2026 | B3: 18 | 19 | 20 | 21 | 22 | C3: =SUMIF('Sales Log'!$I:$I,A3,'Sales Log'!$F:$F) -> 0 | D3: =SUMIF('Sales Log'!$I:$I,A3,'Sales Log'!$D:$D) -> 0
A4: 24/07/2026 | B4: 23 | 24 | 25 | 26 | C4: =SUMIF('Sales Log'!$I:$I,A4,'Sales Log'!$F:$F) -> 0 | D4: =SUMIF('Sales Log'!$I:$I,A4,'Sales Log'!$D:$D) -> 0
A5: 25/08/2026 | B5: 27 | 28 | 29 | 30 | 31 | C5: =SUMIF('Sales Log'!$I:$I,A5,'Sales Log'!$F:$F) -> 0 | D5: =SUMIF('Sales Log'!$I:$I,A5,'Sales Log'!$D:$D) -> 0
A6: 25/09/2026 | B6: 32 | 33 | 34 | 35 | C6: =SUMIF('Sales Log'!$I:$I,A6,'Sales Log'!$F:$F) -> 0 | D6: =SUMIF('Sales Log'!$I:$I,A6,'Sales Log'!$D:$D) -> 0
A7: 23/10/2026 | B7: 36 | 37 | 38 | 39 | C7: =SUMIF('Sales Log'!$I:$I,A7,'Sales Log'!$F:$F) -> 0 | D7: =SUMIF('Sales Log'!$I:$I,A7,'Sales Log'!$D:$D) -> 0
A8: 25/11/2026 | B8: 40 | 41 | 42 | 43 | 44 | C8: =SUMIF('Sales Log'!$I:$I,A8,'Sales Log'!$F:$F) -> 0 | D8: =SUMIF('Sales Log'!$I:$I,A8,'Sales Log'!$D:$D) -> 0
A9: TBC | B9: 45 | 46 | 47 | 48 | C9: =SUMIF('Sales Log'!$I:$I,A9,'Sales Log'!$F:$F) -> 0 | D9: =SUMIF('Sales Log'!$I:$I,A9,'Sales Log'!$D:$D) -> 0
A10: 25/01/2027 | B10: 49 | 50 | 51 | 52 | C10: =SUMIF('Sales Log'!$I:$I,A10,'Sales Log'!$F:$F) -> 0 | D10: =SUMIF('Sales Log'!$I:$I,A10,'Sales Log'!$D:$D) -> 0
A12: GRAND TOTAL | C12: =SUM(C2:C11) -> 0 | D12: =SUM(D2:D11) -> 0
A13: Week convention | B13: Sunday-starting Hisense weeks (WK38 starts 13/09/2026)
A14: How it works:
A15: Enter the sale date in Sales Log. The week and pay day are calculated automatically.
A16: The Pay Day Totals sheet then adds all commission due on each pay day.
A17: Sales without a date cannot be assigned to a pay day until a date is entered.
